{
  "properties": {
    "connectionReferences": {
      "shared_sharepointonline_1": {
        "runtimeSource": "invoker",
        "connection": {
          "connectionReferenceLogicalName": "faf_PPDemoExample1_CR_SharePoint"
        },
        "api": {
          "name": "shared_sharepointonline"
        }
      }
    },
    "definition": {
      "$schema": "https://schema.management.azure.com/providers/Microsoft.Logic/schemas/2016-06-01/workflowdefinition.json#",
      "contentVersion": "1.0.0.0",
      "parameters": {
        "$connections": {
          "defaultValue": {},
          "type": "Object"
        },
        "$authentication": {
          "defaultValue": {},
          "type": "SecureObject"
        },
        "PPDemoExample1_SPSite (faf_PPDemoExample1_SPSite)": {
          "defaultValue": "https://formsandflows.sharepoint.com/sites/PowerProcess-Demoexample-1-A/",
          "type": "String",
          "metadata": {
            "schemaName": "faf_PPDemoExample1_SPSite"
          }
        },
        "PPDemoExample1_SPListIdeas (faf_PPDemoExample1_SPListIdeas)": {
          "defaultValue": "a35eb789-dda0-4d2d-96a5-3dc8fc629d96",
          "type": "String",
          "metadata": {
            "schemaName": "faf_PPDemoExample1_SPListIdeas"
          }
        },
        "PPDemoExample1_SPListLog (faf_PPDemoExample1_SPListLog)": {
          "defaultValue": "c80b3304-5749-4f33-b52a-7914d97ce5d0",
          "type": "String",
          "metadata": {
            "schemaName": "faf_PPDemoExample1_SPListLog"
          }
        }
      },
      "triggers": {
        "manual": {
          "metadata": {
            "operationMetadataId": "e06d19e8-8edb-4519-be4f-b2d6d559babc"
          },
          "type": "Request",
          "kind": "PowerAppV2",
          "inputs": {
            "schema": {
              "type": "object",
              "properties": {
                "text": {
                  "title": "Record",
                  "type": "string",
                  "x-ms-dynamically-added": true,
                  "description": "Please enter your input",
                  "x-ms-content-hint": "TEXT"
                }
              },
              "required": [
                "text"
              ]
            }
          }
        }
      },
      "actions": {
        "Create_item_-_Idea": {
          "runAfter": {
            "Create_item_-_Log": [
              "Succeeded"
            ]
          },
          "metadata": {
            "operationMetadataId": "9f1cf692-f2b5-4020-8a1e-c0da01fde3f9"
          },
          "type": "OpenApiConnection",
          "inputs": {
            "host": {
              "connectionName": "shared_sharepointonline_1",
              "operationId": "PostItem",
              "apiId": "/providers/Microsoft.PowerApps/apis/shared_sharepointonline"
            },
            "parameters": {
              "dataset": "@parameters('PPDemoExample1_SPSite (faf_PPDemoExample1_SPSite)')",
              "table": "@parameters('PPDemoExample1_SPListIdeas (faf_PPDemoExample1_SPListIdeas)')",
              "item/Title": "@body('Parse_JSON_-_Record')?['recordid']",
              "item/employee": "@body('Parse_JSON_-_Record')?['employee']",
              "item/Idea": "@body('Parse_JSON_-_Record')?['idea']",
              "item/status": "@body('Parse_JSON_-_Record')?['status']",
              "item/shortdescription": "@body('Parse_JSON_-_Record')?['shortdescription']"
            },
            "authentication": "@parameters('$authentication')"
          }
        },
        "Parse_JSON_-_Record": {
          "runAfter": {},
          "metadata": {
            "operationMetadataId": "2b6b3e1e-5ce7-4b37-b7dd-dd411278b9c1"
          },
          "type": "ParseJson",
          "inputs": {
            "content": "@triggerBody()['text']",
            "schema": {
              "type": "object",
              "properties": {
                "employee": {
                  "type": "string"
                },
                "idea": {
                  "type": "string"
                },
                "recordid": {
                  "type": "string"
                },
                "shortdescription": {
                  "type": "string"
                },
                "status": {
                  "type": "string"
                }
              }
            }
          }
        },
        "Respond_to_a_PowerApp_or_flow": {
          "runAfter": {
            "Create_item_-_Idea": [
              "Succeeded"
            ]
          },
          "metadata": {
            "operationMetadataId": "2aafedb4-5131-4465-9e76-05257757ac33"
          },
          "type": "Response",
          "kind": "PowerApp",
          "inputs": {
            "statusCode": 200,
            "body": {},
            "schema": {
              "type": "object",
              "properties": {}
            }
          }
        },
        "Create_item_-_Log": {
          "runAfter": {
            "Parse_JSON_-_Record": [
              "Succeeded"
            ]
          },
          "metadata": {
            "operationMetadataId": "c2b446cd-8f35-4444-86ff-4c5b8eef927e"
          },
          "type": "OpenApiConnection",
          "inputs": {
            "host": {
              "connectionName": "shared_sharepointonline_1",
              "operationId": "PostItem",
              "apiId": "/providers/Microsoft.PowerApps/apis/shared_sharepointonline"
            },
            "parameters": {
              "dataset": "@parameters('PPDemoExample1_SPSite (faf_PPDemoExample1_SPSite)')",
              "table": "@parameters('PPDemoExample1_SPListLog (faf_PPDemoExample1_SPListLog)')",
              "item/Title": "@guid()",
              "item/description": "Create idea",
              "item/createdbyemployee": "@body('Parse_JSON_-_Record')?['employee']",
              "item/Log": "@triggerBody()['text']"
            },
            "authentication": "@parameters('$authentication')"
          }
        }
      }
    },
    "templateName": ""
  },
  "schemaVersion": "1.0.0.0"
}