{
  "properties": {
    "connectionReferences": {
      "shared_sharepointonline_1": {
        "runtimeSource": "embedded",
        "connection": {
          "connectionReferenceLogicalName": "faf_PPDemoExample1_CR_SharePoint"
        },
        "api": {
          "name": "shared_sharepointonline"
        }
      }
    },
    "definition": {
      "$schema": "https://schema.management.azure.com/providers/Microsoft.Logic/schemas/2016-06-01/workflowdefinition.json#",
      "contentVersion": "1.0.0.0",
      "parameters": {
        "$connections": {
          "defaultValue": {},
          "type": "Object"
        },
        "$authentication": {
          "defaultValue": {},
          "type": "SecureObject"
        },
        "PPDemoExample1_SPSite (faf_PPDemoExample1_SPSite)": {
          "defaultValue": "https://formsandflows.sharepoint.com/sites/ppdemoexample1dev",
          "type": "String",
          "metadata": {
            "schemaName": "faf_PPDemoExample1_SPSite"
          }
        },
        "PPDemoExample1_SPListIdeas (faf_PPDemoExample1_SPListIdeas)": {
          "defaultValue": "8193541f-6aa6-4a4b-8199-e30ebf373dc3",
          "type": "String",
          "metadata": {
            "schemaName": "faf_PPDemoExample1_SPListIdeas"
          }
        },
        "PPDemoExample1_SPListLog (faf_PPDemoExample1_SPListLog)": {
          "defaultValue": "842ae130-7bd9-4145-9f68-a4624f8b8606",
          "type": "String",
          "metadata": {
            "schemaName": "faf_PPDemoExample1_SPListLog"
          }
        }
      },
      "triggers": {
        "When_an_item_is_created_or_modified_-_Ideas": {
          "recurrence": {
            "interval": 1,
            "frequency": "Minute"
          },
          "splitOn": "@triggerOutputs()?['body/value']",
          "metadata": {
            "operationMetadataId": "02d692b9-a3db-4b23-af5a-71f099cdfe1b"
          },
          "type": "OpenApiConnection",
          "inputs": {
            "host": {
              "connectionName": "shared_sharepointonline_1",
              "operationId": "GetOnUpdatedItems",
              "apiId": "/providers/Microsoft.PowerApps/apis/shared_sharepointonline"
            },
            "parameters": {
              "dataset": "@parameters('PPDemoExample1_SPSite (faf_PPDemoExample1_SPSite)')",
              "table": "@parameters('PPDemoExample1_SPListIdeas (faf_PPDemoExample1_SPListIdeas)')"
            },
            "authentication": "@parameters('$authentication')"
          },
          "conditions": [
            {
              "expression": "@equals(triggerBody()?['status'], 'Approved by manager')"
            }
          ]
        }
      },
      "actions": {
        "Get_item_-_Idea": {
          "runAfter": {
            "Compose_-_Message": [
              "Succeeded"
            ]
          },
          "metadata": {
            "operationMetadataId": "5234ccb7-37b0-482e-b0d3-5703ceea11fc"
          },
          "type": "OpenApiConnection",
          "inputs": {
            "host": {
              "connectionName": "shared_sharepointonline_1",
              "operationId": "GetItem",
              "apiId": "/providers/Microsoft.PowerApps/apis/shared_sharepointonline"
            },
            "parameters": {
              "dataset": "@parameters('PPDemoExample1_SPSite (faf_PPDemoExample1_SPSite)')",
              "table": "@parameters('PPDemoExample1_SPListIdeas (faf_PPDemoExample1_SPListIdeas)')",
              "id": "@triggerOutputs()?['body/ID']"
            },
            "authentication": "@parameters('$authentication')"
          }
        },
        "Create_item_-_Log": {
          "runAfter": {},
          "metadata": {
            "operationMetadataId": "4d4d7037-a273-4dcf-b5a5-658225adb1c1"
          },
          "type": "OpenApiConnection",
          "inputs": {
            "host": {
              "connectionName": "shared_sharepointonline_1",
              "operationId": "PostItem",
              "apiId": "/providers/Microsoft.PowerApps/apis/shared_sharepointonline"
            },
            "parameters": {
              "dataset": "@parameters('PPDemoExample1_SPSite (faf_PPDemoExample1_SPSite)')",
              "table": "@parameters('PPDemoExample1_SPListLog (faf_PPDemoExample1_SPListLog)')",
              "item/Title": "@guid()",
              "item/description": "Approved by manager",
              "item/createdbyemployee": "SYSTEM"
            },
            "authentication": "@parameters('$authentication')"
          }
        },
        "Compose_-_Message": {
          "runAfter": {
            "Create_item_-_Log": [
              "Succeeded"
            ]
          },
          "metadata": {
            "operationMetadataId": "4cfcab35-d887-4815-bd26-1abe9e0a002d"
          },
          "type": "Compose",
          "inputs": "You can do many other things here :)"
        },
        "Update_item_-_Idea": {
          "runAfter": {
            "Get_item_-_Idea": [
              "Succeeded"
            ]
          },
          "metadata": {
            "operationMetadataId": "a2d761dd-c307-46a3-ad3f-b1e4f7abf4a1"
          },
          "type": "OpenApiConnection",
          "inputs": {
            "host": {
              "connectionName": "shared_sharepointonline_1",
              "operationId": "PatchItem",
              "apiId": "/providers/Microsoft.PowerApps/apis/shared_sharepointonline"
            },
            "parameters": {
              "dataset": "@parameters('PPDemoExample1_SPSite (faf_PPDemoExample1_SPSite)')",
              "table": "@parameters('PPDemoExample1_SPListIdeas (faf_PPDemoExample1_SPListIdeas)')",
              "id": "@outputs('Get_item_-_Idea')?['body/ID']",
              "item/Title": "@outputs('Get_item_-_Idea')?['body/Title']",
              "item/status": "Approved - By manager"
            },
            "authentication": "@parameters('$authentication')"
          }
        }
      }
    },
    "templateName": ""
  },
  "schemaVersion": "1.0.0.0"
}