<environmentvariabledefinition schemaname="faf_PPDemoExample1_SPSite">
  <apiid>/providers/microsoft.powerapps/apis/shared_sharepointonline</apiid>
  <displayname default="PPDemoExample1_SPSite">
    <label description="PPDemoExample1_SPSite" languagecode="1033" />
  </displayname>
  <introducedversion>2024.0.0.0</introducedversion>
  <iscustomizable>1</iscustomizable>
  <isrequired>0</isrequired>
  <parameterkey>dataset</parameterkey>
  <secretstore>0</secretstore>
  <type>100000004</type>
</environmentvariabledefinition>