<environmentvariabledefinition schemaname="faf_PPDemoExample1_SPListSettings">
  <apiid>/providers/microsoft.powerapps/apis/shared_sharepointonline</apiid>
  <displayname default="PPDemoExample1_SPListSettings">
    <label description="PPDemoExample1_SPListSettings" languagecode="1033" />
  </displayname>
  <introducedversion>2024.0.0.0</introducedversion>
  <iscustomizable>1</iscustomizable>
  <isrequired>0</isrequired>
  <parameterkey>table</parameterkey>
  <parentdefinitionid>
    <schemaname>faf_PPDemoExample1_SPSite</schemaname>
  </parentdefinitionid>
  <secretstore>0</secretstore>
  <type>100000004</type>
</environmentvariabledefinition>