{
  "properties": {
    "connectionReferences": {
      "shared_sharepointonline_1": {
        "runtimeSource": "invoker",
        "connection": {
          "connectionReferenceLogicalName": "faf_PPDemoExample1_CR_SharePoint"
        },
        "api": {
          "name": "shared_sharepointonline"
        }
      }
    },
    "definition": {
      "$schema": "https://schema.management.azure.com/providers/Microsoft.Logic/schemas/2016-06-01/workflowdefinition.json#",
      "contentVersion": "1.0.0.0",
      "parameters": {
        "$connections": {
          "defaultValue": {},
          "type": "Object"
        },
        "$authentication": {
          "defaultValue": {},
          "type": "SecureObject"
        },
        "PPDemoExample1_SPSite (faf_PPDemoExample1_SPSite)": {
          "defaultValue": "https://formsandflows.sharepoint.com/sites/PowerProcess-Demoexample-1-A/",
          "type": "String",
          "metadata": {
            "schemaName": "faf_PPDemoExample1_SPSite"
          }
        },
        "PPDemoExample1_SPListIdeas (faf_PPDemoExample1_SPListIdeas)": {
          "defaultValue": "a35eb789-dda0-4d2d-96a5-3dc8fc629d96",
          "type": "String",
          "metadata": {
            "schemaName": "faf_PPDemoExample1_SPListIdeas"
          }
        },
        "PPDemoExample1_SPListLog (faf_PPDemoExample1_SPListLog)": {
          "defaultValue": "c80b3304-5749-4f33-b52a-7914d97ce5d0",
          "type": "String",
          "metadata": {
            "schemaName": "faf_PPDemoExample1_SPListLog"
          }
        }
      },
      "triggers": {
        "manual": {
          "metadata": {
            "operationMetadataId": "0973def1-ce5f-4fba-9bb5-540a0226f942"
          },
          "type": "Request",
          "kind": "PowerAppV2",
          "inputs": {
            "schema": {
              "type": "object",
              "properties": {
                "text": {
                  "title": "Record",
                  "type": "string",
                  "x-ms-dynamically-added": true,
                  "description": "Please enter your input",
                  "x-ms-content-hint": "TEXT"
                }
              },
              "required": [
                "text"
              ]
            }
          }
        }
      },
      "actions": {
        "Respond_to_a_Power_App_or_flow": {
          "runAfter": {
            "Delete_item_-_Idea": [
              "Succeeded"
            ]
          },
          "metadata": {
            "operationMetadataId": "fcf5c93c-287c-457e-a537-24fad9c0db8a"
          },
          "type": "Response",
          "kind": "PowerApp",
          "inputs": {
            "statusCode": 200,
            "body": {},
            "schema": {
              "type": "object",
              "properties": {}
            }
          }
        },
        "Parse_JSON_-_Record": {
          "runAfter": {},
          "metadata": {
            "operationMetadataId": "39bb9837-b2c6-4d91-b58a-de6b749fe31a"
          },
          "type": "ParseJson",
          "inputs": {
            "content": "@triggerBody()['text']",
            "schema": {
              "type": "object",
              "properties": {
                "employee": {
                  "type": "string"
                },
                "recordid": {
                  "type": "string"
                }
              }
            }
          }
        },
        "Delete_item_-_Idea": {
          "runAfter": {
            "Get_items_-_Ideas": [
              "Succeeded"
            ]
          },
          "metadata": {
            "operationMetadataId": "5c082ad7-5738-47bb-aa7b-6172aa9f7e08"
          },
          "type": "OpenApiConnection",
          "inputs": {
            "host": {
              "connectionName": "shared_sharepointonline_1",
              "operationId": "DeleteItem",
              "apiId": "/providers/Microsoft.PowerApps/apis/shared_sharepointonline"
            },
            "parameters": {
              "dataset": "@parameters('PPDemoExample1_SPSite (faf_PPDemoExample1_SPSite)')",
              "table": "@parameters('PPDemoExample1_SPListIdeas (faf_PPDemoExample1_SPListIdeas)')",
              "id": "@first(outputs('Get_items_-_Ideas')?['body/value']).ID"
            },
            "authentication": "@parameters('$authentication')"
          }
        },
        "Get_items_-_Ideas": {
          "runAfter": {
            "Create_item_-_Log": [
              "Succeeded"
            ]
          },
          "metadata": {
            "operationMetadataId": "423ab904-ca37-469c-a81c-1caa4e93d4a7"
          },
          "type": "OpenApiConnection",
          "inputs": {
            "host": {
              "connectionName": "shared_sharepointonline_1",
              "operationId": "GetItems",
              "apiId": "/providers/Microsoft.PowerApps/apis/shared_sharepointonline"
            },
            "parameters": {
              "dataset": "@parameters('PPDemoExample1_SPSite (faf_PPDemoExample1_SPSite)')",
              "table": "@parameters('PPDemoExample1_SPListIdeas (faf_PPDemoExample1_SPListIdeas)')",
              "$filter": "Title eq '@{body('Parse_JSON_-_Record')?['recordid']}'"
            },
            "authentication": "@parameters('$authentication')"
          }
        },
        "Create_item_-_Log": {
          "runAfter": {
            "Parse_JSON_-_Record": [
              "Succeeded"
            ]
          },
          "metadata": {
            "operationMetadataId": "087f2cef-162f-4668-8bbb-26a292b52bf2"
          },
          "type": "OpenApiConnection",
          "inputs": {
            "host": {
              "connectionName": "shared_sharepointonline_1",
              "operationId": "PostItem",
              "apiId": "/providers/Microsoft.PowerApps/apis/shared_sharepointonline"
            },
            "parameters": {
              "dataset": "@parameters('PPDemoExample1_SPSite (faf_PPDemoExample1_SPSite)')",
              "table": "@parameters('PPDemoExample1_SPListLog (faf_PPDemoExample1_SPListLog)')",
              "item/Title": "@guid()",
              "item/description": "Delete idea",
              "item/createdbyemployee": "@body('Parse_JSON_-_Record')?['employee']",
              "item/Log": "@triggerBody()['text']"
            },
            "authentication": "@parameters('$authentication')"
          }
        }
      }
    },
    "templateName": ""
  },
  "schemaVersion": "1.0.0.0"
}