{"__Version":"0.1","App":"7f5f5e22-39bb-403a-a71c-bc6326ff9bfa","Test_7F478737223C4B69":"35601749-c4fb-4b76-aacd-bcbe441a2492","Host":"65c50f4e-f17e-41d0-9a02-5ba13ba94f91","PACo_Header_A":"2d82750d-2bcb-4806-8f45-448651f30921","html_Header_A_Visualization":"0d0e9bc6-4bf6-4caf-906f-1fd1ca0fa291","lbl_Header_A":"7bc97e95-79a6-4f47-9270-efd45d62bc48","img_Header_A_Back":"cfc9466f-32a9-40b1-bd60-e107dbe5cd36","icn_Header_A_Back":"51cfd635-2929-4e33-975d-a63e2ba6f1b5","img_Header_A_Nav":"e6ac856d-f982-4e1e-8673-1b188b9da988","icn_Header_A_Nav":"31f05f04-7269-4a8e-bd5a-056ddb7ce372","img_Header_A_LanguagesMenu":"717b986f-a20c-47ce-840b-1d75848124e2","icn_Header_A_LanguagesMenu":"99065cac-c3fa-4ac5-9092-c678824ed3d6","img_Header_A_SettingsMenu":"ea045d6d-88ea-4843-8128-85d768ee51ba","icn_Header_A_SettingsMenu":"e4cfda3e-c245-4df4-b6cf-f07a06c86e33","img_Header_A_Help":"c5518373-141c-4272-b97d-d094d6ee622b","icn_Header_A_Help":"28085aa3-bc11-4597-97d3-1f453351858a","img_Header_A_Logo":"754b9477-1fe9-4e4b-a571-095d68a86035","icn_Header_A_Logo":"9ab27f0e-3191-4071-b596-24896be0adc3","shp_Header_A_Visualization":"7bc7d9f5-8b80-46ab-98ae-63153e81f90c","PACo_CommandBar_B":"2cf7cbb7-6384-4917-a1e9-3556c167a6e9","html_CommandBar_B_Visualization":"5b7365b9-93e2-42ff-a31d-392db7f3112b","shp_CommandBar_B_Visualization":"a4d347d1-2db0-4f9a-9922-236d8f984a86","cntr_CommandBar_B":"5154f997-f57f-4d19-a81f-c0055604e9e2","shp_CommandBar_B_1_Bottom":"35a7e7f1-50cf-475a-b270-757c580cc499","img_CommandBar_B_1":"26abd406-cf3f-4200-b161-e7cb5325a55e","icn_CommandBar_B_1":"2d75da30-14c5-4589-80d6-c3ebbad5680c","shp_CommandBar_B_1_Top":"816db5c8-6c00-491b-ab7e-fe72245aa2e2","lbl_CommandBar_B_1":"df97b7d3-fd9e-4384-a3b9-0260b8effb40","shp_CommandBar_B_2_Bottom":"25734884-3f4d-4f46-b8b6-0fad012aaf2f","img_CommandBar_B_2":"6c282d9d-6549-4ea1-a294-d2e8f0e33777","icn_CommandBar_B_2":"6d8049af-c67d-4fd6-9305-e7ae457a97e4","shp_CommandBar_B_2_Top":"2a1686db-b992-47a2-b9dc-d9d3d3595468","shp_CommandBar_B_3_Bottom":"eb81e12f-e1c1-4c9e-8185-bbdf6763a2e6","img_CommandBar_B_3":"ffbcc2ba-a01e-4f03-ad26-42a421c5f7cd","icn_CommandBar_B_3":"40034b71-631e-4195-91fc-e6c198b8053e","shp_CommandBar_B_3_Top":"13caccef-8345-44f7-b3b7-248f3e3d88c5","shp_CommandBar_B_4_Bottom":"f19cff11-8605-4a12-bdc7-7b8a4136d29e","img_CommandBar_B_4":"662d3c63-2b5c-461e-b383-df2724dfd623","icn_CommandBar_B_4":"34820931-6bed-46f0-b485-f45eafc1a0ab","shp_CommandBar_B_4_Top":"6db62074-56af-40fb-8cbc-a1601460df1d","shp_CommandBar_B_5_Bottom":"3b44071e-87c6-4e5f-9da9-48c3152b71a1","img_CommandBar_B_5":"588a12d9-37f8-4105-8c03-ca18be4231b8","icn_CommandBar_B_5":"119ca5c3-3140-4c8a-85c6-90c85b99ea87","shp_CommandBar_B_5_Top":"8a40cfc5-443b-4c9d-8763-b0b24ddedea1","shp_CommandBar_B_6_Bottom":"967a0b05-30b7-4a45-b99a-d52af8540ee3","img_CommandBar_B_6":"3b48cb10-6f53-4102-aa2d-583df1dc0ec1","icn_CommandBar_B_6":"2fa11ed1-2af8-4399-800e-e4fdab28c9b2","shp_CommandBar_B_6_Top":"c8876185-9372-40f3-bd50-4866d1eecfb6","shp_CommandBar_B_7_Bottom":"355bd356-bcd9-43f0-a4ce-f94a44a7e1e5","img_CommandBar_B_7":"04729b39-65ce-483b-9faf-3f058ddc22cb","lbl_CommandBar_B_7":"c69a9a1d-6e3c-4ad2-a50d-51387eb640e4","icn_CommandBar_B_7":"86961ab6-7c7d-4a79-bd75-fa2a1ade6f44","shp_CommandBar_B_7_Top":"0a56e02c-74e6-45cb-b6d7-cb987611ce8d","shp_CommandBar_B_8_Bottom":"0eb59f64-9386-4de4-98f1-941a88461092","img_CommandBar_B_8":"1b6dae1e-3f39-41ad-9128-ac03772dc3ff","icn_CommandBar_B_8":"3ce2096c-d7b9-4999-a4ab-e692aac8414f","shp_CommandBar_B_8_Top":"1c815b95-906f-44a6-9d59-14cdca1f6477","lbl_CommandBar_B_2":"e717e269-ba1c-4713-a662-7a4009e22572","lbl_CommandBar_B_3":"50ed692c-2553-4421-b099-55bcae507e4d","lbl_CommandBar_B_4":"fdbf1cba-fe2c-4e8c-823e-fe17dabad535","lbl_CommandBar_B_5":"c875e0fd-05c4-42ce-ad66-8d277c791474","lbl_CommandBar_B_6":"cec297b2-18a4-4abc-8d38-a46344840cac","lbl_CommandBar_B_8":"a4e536c4-ebbb-4582-a6f4-4ed3d6f66f1d","lbl_CommandBar_B_Menu":"683ee1e6-b70e-4bee-aa15-b0650cfe483c","icn_CommandBar_B_Menu":"148212ec-0251-4e82-8238-bd158d096f78","html_CommandBar_B_1":"f8288f2b-2b2e-4cad-ba40-d4604a111194","html_CommandBar_B_2":"0a660992-db41-4705-9794-1fe447fea600","html_CommandBar_B_3":"4f594fb9-d7dd-4b7a-aa67-95d5dc76a331","html_CommandBar_B_4":"781d2e55-a478-4871-a3df-d5c0cf0072c2","html_CommandBar_B_5":"5e8b7fc3-f803-49e1-b107-6db56173b975","html_CommandBar_B_6":"3cddbe49-6860-4efc-8641-b83f63199e59","html_CommandBar_B_7":"6a2db879-75e8-4baf-9d89-d25023aafb3c","html_CommandBar_B_8":"5d6beae7-8b0a-4a5d-94c0-64701056ed2c","PACo_Button_A":"162d6edc-f22d-4d24-87e1-bc9e2213ba36","cntr_Button_A":"6eebce72-5103-495c-a698-39b21f98000e","btn_Button_A":"046655dd-98cc-4f8d-8400-346dfc2fa3fe","icn_Button_A":"da0f9bc7-50ed-4e06-9042-0f7cf6aa63ad","img_Button_A":"4f44ec01-7c7b-428e-a443-b9aefac243ed","lbl_Button_A":"6c7b1bff-8f05-458f-b1c5-b74142673337","html_Button_A":"5f27a644-5279-4025-be19-1e3dfdfd62d5","PACo_Spinner_A":"48654914-786f-4f83-b96e-aa9daada9ca5","img_Spinner_A":"734ac02e-6546-44e2-8e91-badd3ab4b41e","lbl_Spinner_A":"a61b3c28-24e2-42fb-940f-81f3ad50b492","PACo_DetailsList_B":"ad1e517e-0a72-413f-8c18-d4d5f0bb38a2","html_DetailsList_B_Visualization":"f37e9a20-89ce-49be-acb8-fe653b751fba","shp_DetailsList_B_Visualization":"93c93859-1edc-4e2b-8274-45ca4bea1aac","cntr_DetailsList_B_Main":"94239d82-3b63-416a-8b40-636246c010fd","cntr_DetailsList_B":"f407d080-d367-4a23-86ac-9d4e9eb0f6db","lbl_DetailsList_B_Header_1":"43c86ede-bb8a-4b5e-bbb5-362b7519cb0a","icn_DetailsList_B_Header_1":"a9fbf1fc-e296-4072-830c-40dc7ce61da1","cb_DetailsList_B_Header":"15cd20c7-d509-4b22-b8b8-fecd4f84f206","img_DetailsList_B_Header_Sorting":"fa6002c6-c981-4e26-a117-b5903442ea90","lbl_DetailsList_B_Header_2":"64236b39-8251-49a0-bdf3-c91ece7837c8","icn_DetailsList_B_Header_2":"75b24e14-862c-4763-9bb5-bf99177963c0","lbl_DetailsList_B_Header_3":"34521798-3de1-4ab0-bcc8-5e78a799aaf0","icn_DetailsList_B_Header_3":"0aad305a-cdf3-44a1-b289-0637a6250a0b","lbl_DetailsList_B_Header_4":"4c237938-0d3a-458c-8ce3-8c43e7ddbdbb","icn_DetailsList_B_Header_4":"462ec819-4c13-4725-9da3-50d78d403f70","lbl_DetailsList_B_Header_5":"5e7cd667-0600-4c8a-9473-67d6332d832a","icn_DetailsList_B_Header_5":"cf5df071-bb31-4a69-9ea9-8be544980339","lbl_DetailsList_B_Header_6":"162ed70a-f53d-422e-a3cc-e6ebb46b4170","icn_DetailsList_B_Header_6":"4c2da350-2e1b-4124-9fde-09ac63db70d5","lbl_DetailsList_B_Header_7":"459acea8-a2a0-4017-b39c-fcdbc967de88","icn_DetailsList_B_Header_7":"9edf6370-a641-44d4-a9d0-330b37eab51c","lbl_DetailsList_B_Header_8":"383de324-3468-41b7-9693-7154029a61f4","icn_DetailsList_B_Header_8":"9e31aa87-dc91-4a2d-a193-43ff62705609","lbl_DetailsList_B_Header_9":"db5eb55c-38e8-422e-bd68-f541378657e0","icn_DetailsList_B_Header_9":"d7bdab36-69da-450e-8c74-d21c7ae636af","lbl_DetailsList_B_Header_10":"d29920e5-d7a4-4619-b754-dbf225304908","icn_DetailsList_B_Header_10":"f7f20667-fe0e-464f-932d-5638a43b2b6f","shp_DetailsList_B_Divider":"5c592793-942a-4ad3-8c40-e9e6b960de7f","gall_DetailsList_B":"49d28a11-7f36-4980-8935-cc8a92d783dd","galleryTemplate2_4":"a87b199a-2b39-4973-934b-87a2481e742f","lbl_DetailsList_B_Gall_1":"fcdfd2c6-daa3-48f2-bff9-f29ea8077e8d","cb_DetailsList_B_Gall":"e3e9825a-a07e-4e82-9299-0ca433d00c31","shp_DetailsList_B_Gall":"dd77e456-15d6-4869-848b-1dfa55fcc0a2","lbl_DetailsList_B_Gall_2":"f906e740-1210-4c99-92dc-4375847bdc03","lbl_DetailsList_B_Gall_3":"901ecdc5-c297-4e20-9999-73f4e769bfd0","lbl_DetailsList_B_Gall_4":"9f643bac-ee46-4c7a-8a64-eb74ef249dca","lbl_DetailsList_B_Gall_5":"47bab37e-3268-4e3f-a8cf-c9f521474e95","lbl_DetailsList_B_Gall_6":"34369856-640e-46de-bb47-bd172304e7eb","lbl_DetailsList_B_Gall_7":"cf60604e-fdf8-4b82-ad5c-df443ef421dc","lbl_DetailsList_B_Gall_8":"e51eaf40-8f6f-4ad3-9159-cd9e5a7f672c","lbl_DetailsList_B_Gall_9":"58ba15c6-ac71-4371-a96c-db8c49658b9a","lbl_DetailsList_B_Gall_10":"8b203702-6ff4-4239-8556-b1f3f5005d04","shp_DetailsList_B_Gall_Divider":"48b0e0a5-037c-4b4b-9ee0-bc5abbd01410","PACo_Dialog_A":"59d0ffea-4e0c-400e-bbfb-1c2f97ff7c33","cntr_Dialog_A":"37695d45-1d5a-4fe3-8038-8252fa26eeaf","html_Dialog_A_Visualization":"d27dde80-803d-4547-a55f-b3063d349ed8","shp_Dialog_A_Visualization":"13c952fa-3515-4d10-bed6-278dec1dbe47","shp_Dialog_A_Area":"325fc55a-df6f-4dad-bd51-644420f63518","lbl_Dialog_A_Title":"dfab51b0-5eb4-4aa1-a9c5-d973acebb104","lbl_Dialog_A_Message":"6a53e40a-9002-48fd-b87d-80024d9ef990","html_Dialog_A_Message":"82661c8c-fe17-4946-b228-3f4c5b028e2a","cntr_Dialog_A_Button_Last":"75eda57f-4641-43e0-ae8d-20ec4b66c531","lbl_Dialog_A_Button_Last":"4b084ff5-84ce-4bb5-8d2f-11246da9cd28","icn_Dialog_A_Button_Last":"540bec97-2812-4a1b-ba9e-2f92304542e1","img_Dialog_A_Button_Last":"f8709a2f-11c2-42bb-bbe9-e325bddb73ea","btn_Dialog_A_Button_Last":"056920f0-d7f0-4540-bffe-fe0c59e3c095","cntr_Dialog_A_Button_First":"9c92e476-5827-4ffb-91f1-1f6f40d82423","btn_Dialog_A_Button_First":"d5bb7a0c-550a-4a87-b2de-1fd60efb8ae7","lbl_Dialog_A_Button_First":"04182753-57c3-4f65-b8c2-3b7f155cdb71","icn_Dialog_A_Button_First":"67791188-eb13-4351-93a2-b2206c2a16de","img_Dialog_A_Button_First":"491379ad-cad4-4125-a9ec-f38fde88d629","html_Dialog_A_Button_First":"0054bada-36ab-4a05-b353-37d573d810c1","html_Dialog_A_Button_Last":"69c3d504-21c9-4fff-99cc-474ed7ac4226","Start Screen":"e422bb23-fcdf-4f89-baee-806faaf44a00","cmp_Start_Spinner_A":"b1ac7a57-baad-4ea4-9556-0b1c399b6fb8","btn_Start":"334429d0-62df-49df-afa4-f514f216f47e","Home Screen":"a895eab6-5e80-4d39-b49c-cc6a313f2d0c","cmp_Home_Spinner_A":"e908b356-7306-4f8e-a2a6-928c09ae9364","btn_Home":"d97925bb-4003-4d05-906b-144828c7e6a9","lbl_Home_LoginAs":"05bb5a55-96e9-47e2-baa4-f76622f92220","lbl_Home_Employee":"2bd6da25-9304-4547-80f0-94dcec81e8cd","cmp_Home_Button_A_Employee":"2eb3004e-b475-4097-a538-6fa0ce967926","dd_Home_EmployeesControls":"846c089f-40e6-4d75-9929-1af8cb877ca9","lbl_Home_Manager":"f976ba9a-8f0a-466f-bc5f-19508a718378","cmp_Home_Button_A_Manager":"201278eb-30f2-4261-9d29-ff40523ba824","lbl_Home_InnovationManager":"fc988086-50a6-4daa-8bae-ed9c6e0f32fc","cmp_Home_Button_A_InnovationManager":"dec9e2be-d070-48f1-95c2-a1300f0474dc","Overview Screen":"25c4bfd5-af5a-4543-b2d2-27c377f175d9","cmp_Overview_Header_A":"609a2654-fb68-4a80-988c-fd5d4cb87e23","cmp_Overview_Dialog_A":"d71cc5c8-4e27-4aa5-b80a-771614b0ff5f","cmp_Overview_Spinner_A":"28afab5a-ab71-4326-b6e3-2d3b6fad65a4","btn_Overview":"d8ea5833-1173-4e80-844f-8928135546ca","cmp_Overview_CommandBar_B":"b4042201-3d5e-4dfe-b546-c2c0e95b578b","cmp_Overview_DetailsList_B":"0825352c-92c9-4770-a970-33c58fe7508b","Detail Screen":"0298dcd4-6d67-4609-8728-dec6c1f1c6dd","cmp_Detail_Header_A":"4173625c-992d-4453-bf34-5bbe211a061e","cmp_Detail_Spinner_A":"320a5b57-73c0-47b4-886d-62d61a89cf7b","btn_Detail":"cba7d1b2-222a-48a7-8739-e7dc29019171","lbl_Details_ShortDescription":"b712d756-98a5-4a21-93d9-7dc64aa2d034","ti_Details_ShortDescription":"72ff0187-2dbf-4d65-8cb4-969eca56fc1b","lbl_Details_Idea":"6b481fd9-72dd-4d45-9964-e017f4c5cd73","ti_Details_Idea":"bf09f26c-02fb-4160-a95e-85a4f8384949","cmp_Details_Button_A_Save":"3fdc150a-b90c-43f8-ba0b-6a2e76f0bfb0","cmp_Details_Button_A_Submit":"bc57ab4d-11fe-4ca9-b80f-8af08513f2ea"}