<ImportExportXml xmlns:xsi="http://www.w3.org/2001/XMLSchema-instance" OrganizationVersion="9.2.24101.190" OrganizationSchemaType="Standard" CRMServerServiceabilityVersion="9.2.24101.00190">
  <Entities></Entities>
  <Roles></Roles>
  <Workflows>
    <Workflow WorkflowId="{c7dacd89-1104-ef11-9f89-6045bd8cc30a}" Name="Power Process - Demo example - 1 - Create idea">
      <JsonFileName>/Workflows/PowerProcess-Demoexample-1-Createidea-C7DACD89-1104-EF11-9F89-6045BD8CC30A.json</JsonFileName>
      <Type>1</Type>
      <Subprocess>0</Subprocess>
      <Category>5</Category>
      <Mode>0</Mode>
      <Scope>4</Scope>
      <OnDemand>0</OnDemand>
      <TriggerOnCreate>0</TriggerOnCreate>
      <TriggerOnDelete>0</TriggerOnDelete>
      <AsyncAutodelete>0</AsyncAutodelete>
      <SyncWorkflowLogOnFailure>0</SyncWorkflowLogOnFailure>
      <StateCode>1</StateCode>
      <StatusCode>2</StatusCode>
      <RunAs>1</RunAs>
      <IsTransacted>1</IsTransacted>
      <IntroducedVersion>2024.0.0.0</IntroducedVersion>
      <IsCustomizable>1</IsCustomizable>
      <BusinessProcessType>0</BusinessProcessType>
      <IsCustomProcessingStepAllowedForOtherPublishers>1</IsCustomProcessingStepAllowedForOtherPublishers>
      <BillingContext>[{"id":"faf_powerprocessdemoexample1_94bf3","type":"UnifiedApp","metadata":{"displayName":"Power Process - Demo example - 1"}}]</BillingContext>
      <PrimaryEntity>none</PrimaryEntity>
      <LocalizedNames>
        <LocalizedName languagecode="1033" description="Power Process - Demo example - 1 - Create idea" />
      </LocalizedNames>
    </Workflow>
    <Workflow WorkflowId="{2574b0a8-1104-ef11-9f89-6045bd8cc30a}" Name="Power Process - Demo example - 1 - Update idea">
      <JsonFileName>/Workflows/PowerProcess-Demoexample-1-Updateidea-2574B0A8-1104-EF11-9F89-6045BD8CC30A.json</JsonFileName>
      <Type>1</Type>
      <Subprocess>0</Subprocess>
      <Category>5</Category>
      <Mode>0</Mode>
      <Scope>4</Scope>
      <OnDemand>0</OnDemand>
      <TriggerOnCreate>0</TriggerOnCreate>
      <TriggerOnDelete>0</TriggerOnDelete>
      <AsyncAutodelete>0</AsyncAutodelete>
      <SyncWorkflowLogOnFailure>0</SyncWorkflowLogOnFailure>
      <StateCode>1</StateCode>
      <StatusCode>2</StatusCode>
      <RunAs>1</RunAs>
      <IsTransacted>1</IsTransacted>
      <IntroducedVersion>2024.0.0.0</IntroducedVersion>
      <IsCustomizable>1</IsCustomizable>
      <BusinessProcessType>0</BusinessProcessType>
      <IsCustomProcessingStepAllowedForOtherPublishers>1</IsCustomProcessingStepAllowedForOtherPublishers>
      <BillingContext>[{"id":"faf_powerprocessdemoexample1_94bf3","type":"UnifiedApp","metadata":{"displayName":"Power Process - Demo example - 1"}}]</BillingContext>
      <PrimaryEntity>none</PrimaryEntity>
      <LocalizedNames>
        <LocalizedName languagecode="1033" description="Power Process - Demo example - 1 - Update idea" />
      </LocalizedNames>
    </Workflow>
    <Workflow WorkflowId="{fd7f8f82-890b-ef11-9f89-6045bd8cc30a}" Name="Power Process - Demo example - 1 - Delete idea">
      <JsonFileName>/Workflows/PowerProcess-Demoexample-1-Deleteidea-FD7F8F82-890B-EF11-9F89-6045BD8CC30A.json</JsonFileName>
      <Type>1</Type>
      <Subprocess>0</Subprocess>
      <Category>5</Category>
      <Mode>0</Mode>
      <Scope>4</Scope>
      <OnDemand>0</OnDemand>
      <TriggerOnCreate>0</TriggerOnCreate>
      <TriggerOnDelete>0</TriggerOnDelete>
      <AsyncAutodelete>0</AsyncAutodelete>
      <SyncWorkflowLogOnFailure>0</SyncWorkflowLogOnFailure>
      <StateCode>1</StateCode>
      <StatusCode>2</StatusCode>
      <RunAs>1</RunAs>
      <IsTransacted>1</IsTransacted>
      <IntroducedVersion>2024.0.0.0</IntroducedVersion>
      <IsCustomizable>1</IsCustomizable>
      <BusinessProcessType>0</BusinessProcessType>
      <IsCustomProcessingStepAllowedForOtherPublishers>1</IsCustomProcessingStepAllowedForOtherPublishers>
      <BillingContext>[{"id":"faf_powerprocessdemoexample1_94bf3","type":"UnifiedApp","metadata":{"displayName":"Power Process - Demo example - 1"}}]</BillingContext>
      <PrimaryEntity>none</PrimaryEntity>
      <LocalizedNames>
        <LocalizedName languagecode="1033" description="Power Process - Demo example - 1 - Delete idea" />
      </LocalizedNames>
    </Workflow>
    <Workflow WorkflowId="{42462277-b30b-ef11-9f89-6045bd8cc30a}" Name="Power Process - Demo example - 1 - Submitted by employee">
      <JsonFileName>/Workflows/PowerProcess-Demoexample-1-Submittedbyemployee-42462277-B30B-EF11-9F89-6045BD8CC30A.json</JsonFileName>
      <Type>1</Type>
      <Subprocess>0</Subprocess>
      <Category>5</Category>
      <Mode>0</Mode>
      <Scope>4</Scope>
      <OnDemand>0</OnDemand>
      <TriggerOnCreate>0</TriggerOnCreate>
      <TriggerOnDelete>0</TriggerOnDelete>
      <AsyncAutodelete>0</AsyncAutodelete>
      <SyncWorkflowLogOnFailure>0</SyncWorkflowLogOnFailure>
      <StateCode>1</StateCode>
      <StatusCode>2</StatusCode>
      <RunAs>1</RunAs>
      <IsTransacted>1</IsTransacted>
      <IntroducedVersion>2024.0.0.0</IntroducedVersion>
      <IsCustomizable>1</IsCustomizable>
      <BusinessProcessType>0</BusinessProcessType>
      <IsCustomProcessingStepAllowedForOtherPublishers>1</IsCustomProcessingStepAllowedForOtherPublishers>
      <BillingContext>[{"id":"faf_powerprocessdemoexample1_94bf3","type":"UnifiedApp","metadata":{"displayName":"Power Process - Demo example - 1"}}]</BillingContext>
      <PrimaryEntity>none</PrimaryEntity>
      <LocalizedNames>
        <LocalizedName languagecode="1033" description="Power Process - Demo example - 1 - Submitted by employee" />
      </LocalizedNames>
    </Workflow>
    <Workflow WorkflowId="{f6754e23-b50b-ef11-9f89-6045bd8cc30a}" Name="Power Process - Demo example - 1 - Approved and submitted by manager">
      <JsonFileName>/Workflows/PowerProcess-Demoexample-1-Approvedandsubmittedbym-F6754E23-B50B-EF11-9F89-6045BD8CC30A.json</JsonFileName>
      <Type>1</Type>
      <Subprocess>0</Subprocess>
      <Category>5</Category>
      <Mode>0</Mode>
      <Scope>4</Scope>
      <OnDemand>0</OnDemand>
      <TriggerOnCreate>0</TriggerOnCreate>
      <TriggerOnDelete>0</TriggerOnDelete>
      <AsyncAutodelete>0</AsyncAutodelete>
      <SyncWorkflowLogOnFailure>0</SyncWorkflowLogOnFailure>
      <StateCode>1</StateCode>
      <StatusCode>2</StatusCode>
      <RunAs>1</RunAs>
      <IsTransacted>1</IsTransacted>
      <IntroducedVersion>2024.0.0.0</IntroducedVersion>
      <IsCustomizable>1</IsCustomizable>
      <BusinessProcessType>0</BusinessProcessType>
      <IsCustomProcessingStepAllowedForOtherPublishers>1</IsCustomProcessingStepAllowedForOtherPublishers>
      <BillingContext>[{"id":"faf_powerprocessdemoexample1_94bf3","type":"UnifiedApp","metadata":{"displayName":"Power Process - Demo example - 1"}}]</BillingContext>
      <PrimaryEntity>none</PrimaryEntity>
      <LocalizedNames>
        <LocalizedName languagecode="1033" description="Power Process - Demo example - 1 - Approved and submitted by manager" />
      </LocalizedNames>
    </Workflow>
    <Workflow WorkflowId="{31ba7631-b50b-ef11-9f89-6045bd8cc30a}" Name="Power Process - Demo example - 1 - Approved by innovation manager">
      <JsonFileName>/Workflows/PowerProcess-Demoexample-1-Approvedbyinnovationman-31BA7631-B50B-EF11-9F89-6045BD8CC30A.json</JsonFileName>
      <Type>1</Type>
      <Subprocess>0</Subprocess>
      <Category>5</Category>
      <Mode>0</Mode>
      <Scope>4</Scope>
      <OnDemand>0</OnDemand>
      <TriggerOnCreate>0</TriggerOnCreate>
      <TriggerOnDelete>0</TriggerOnDelete>
      <AsyncAutodelete>0</AsyncAutodelete>
      <SyncWorkflowLogOnFailure>0</SyncWorkflowLogOnFailure>
      <StateCode>1</StateCode>
      <StatusCode>2</StatusCode>
      <RunAs>1</RunAs>
      <IsTransacted>1</IsTransacted>
      <IntroducedVersion>2024.0.0.0</IntroducedVersion>
      <IsCustomizable>1</IsCustomizable>
      <BusinessProcessType>0</BusinessProcessType>
      <IsCustomProcessingStepAllowedForOtherPublishers>1</IsCustomProcessingStepAllowedForOtherPublishers>
      <BillingContext>[{"id":"faf_powerprocessdemoexample1_94bf3","type":"UnifiedApp","metadata":{"displayName":"Power Process - Demo example - 1"}}]</BillingContext>
      <PrimaryEntity>none</PrimaryEntity>
      <LocalizedNames>
        <LocalizedName languagecode="1033" description="Power Process - Demo example - 1 - Approved by innovation manager" />
      </LocalizedNames>
    </Workflow>
    <Workflow WorkflowId="{8c52c66f-b60b-ef11-9f89-6045bd8cc30a}" Name="Power Process - Demo example - 1 - Rejected by innovation manager">
      <JsonFileName>/Workflows/PowerProcess-Demoexample-1-Rejectedbyinnovationman-8C52C66F-B60B-EF11-9F89-6045BD8CC30A.json</JsonFileName>
      <Type>1</Type>
      <Subprocess>0</Subprocess>
      <Category>5</Category>
      <Mode>0</Mode>
      <Scope>4</Scope>
      <OnDemand>0</OnDemand>
      <TriggerOnCreate>0</TriggerOnCreate>
      <TriggerOnDelete>0</TriggerOnDelete>
      <AsyncAutodelete>0</AsyncAutodelete>
      <SyncWorkflowLogOnFailure>0</SyncWorkflowLogOnFailure>
      <StateCode>1</StateCode>
      <StatusCode>2</StatusCode>
      <RunAs>1</RunAs>
      <IsTransacted>1</IsTransacted>
      <IntroducedVersion>2024.0.0.0</IntroducedVersion>
      <IsCustomizable>1</IsCustomizable>
      <BusinessProcessType>0</BusinessProcessType>
      <IsCustomProcessingStepAllowedForOtherPublishers>1</IsCustomProcessingStepAllowedForOtherPublishers>
      <BillingContext>[{"id":"faf_powerprocessdemoexample1_94bf3","type":"UnifiedApp","metadata":{"displayName":"Power Process - Demo example - 1"}}]</BillingContext>
      <PrimaryEntity>none</PrimaryEntity>
      <LocalizedNames>
        <LocalizedName languagecode="1033" description="Power Process - Demo example - 1 - Rejected by innovation manager" />
      </LocalizedNames>
    </Workflow>
    <Workflow WorkflowId="{b137c67d-b60b-ef11-9f89-6045bd8cc30a}" Name="Power Process - Demo example - 1 - Approved by manager">
      <JsonFileName>/Workflows/PowerProcess-Demoexample-1-Approvedbymanager-B137C67D-B60B-EF11-9F89-6045BD8CC30A.json</JsonFileName>
      <Type>1</Type>
      <Subprocess>0</Subprocess>
      <Category>5</Category>
      <Mode>0</Mode>
      <Scope>4</Scope>
      <OnDemand>0</OnDemand>
      <TriggerOnCreate>0</TriggerOnCreate>
      <TriggerOnDelete>0</TriggerOnDelete>
      <AsyncAutodelete>0</AsyncAutodelete>
      <SyncWorkflowLogOnFailure>0</SyncWorkflowLogOnFailure>
      <StateCode>1</StateCode>
      <StatusCode>2</StatusCode>
      <RunAs>1</RunAs>
      <IsTransacted>1</IsTransacted>
      <IntroducedVersion>2024.0.0.0</IntroducedVersion>
      <IsCustomizable>1</IsCustomizable>
      <BusinessProcessType>0</BusinessProcessType>
      <IsCustomProcessingStepAllowedForOtherPublishers>1</IsCustomProcessingStepAllowedForOtherPublishers>
      <BillingContext>[{"id":"faf_powerprocessdemoexample1_94bf3","type":"UnifiedApp","metadata":{"displayName":"Power Process - Demo example - 1"}}]</BillingContext>
      <PrimaryEntity>none</PrimaryEntity>
      <LocalizedNames>
        <LocalizedName languagecode="1033" description="Power Process - Demo example - 1 - Approved by manager" />
      </LocalizedNames>
    </Workflow>
    <Workflow WorkflowId="{e000f7cb-b60b-ef11-9f89-6045bd8cc30a}" Name="Power Process - Demo example - 1 - Rejected by manager">
      <JsonFileName>/Workflows/PowerProcess-Demoexample-1-Rejectedbymanager-E000F7CB-B60B-EF11-9F89-6045BD8CC30A.json</JsonFileName>
      <Type>1</Type>
      <Subprocess>0</Subprocess>
      <Category>5</Category>
      <Mode>0</Mode>
      <Scope>4</Scope>
      <OnDemand>0</OnDemand>
      <TriggerOnCreate>0</TriggerOnCreate>
      <TriggerOnDelete>0</TriggerOnDelete>
      <AsyncAutodelete>0</AsyncAutodelete>
      <SyncWorkflowLogOnFailure>0</SyncWorkflowLogOnFailure>
      <StateCode>1</StateCode>
      <StatusCode>2</StatusCode>
      <RunAs>1</RunAs>
      <IsTransacted>1</IsTransacted>
      <IntroducedVersion>2024.0.0.0</IntroducedVersion>
      <IsCustomizable>1</IsCustomizable>
      <BusinessProcessType>0</BusinessProcessType>
      <IsCustomProcessingStepAllowedForOtherPublishers>1</IsCustomProcessingStepAllowedForOtherPublishers>
      <BillingContext>[{"id":"faf_powerprocessdemoexample1_94bf3","type":"UnifiedApp","metadata":{"displayName":"Power Process - Demo example - 1"}}]</BillingContext>
      <PrimaryEntity>none</PrimaryEntity>
      <LocalizedNames>
        <LocalizedName languagecode="1033" description="Power Process - Demo example - 1 - Rejected by manager" />
      </LocalizedNames>
    </Workflow>
  </Workflows>
  <FieldSecurityProfiles></FieldSecurityProfiles>
  <Templates />
  <EntityMaps />
  <EntityRelationships />
  <OrganizationSettings />
  <optionsets />
  <CustomControls />
  <EntityDataProviders />
  <CanvasApps>
    <CanvasApp>
      <Name>faf_powerprocessdemoexample1_94bf3</Name>
      <AppVersion>2024-11-04T20:12:30Z</AppVersion>
      <Status>Ready</Status>
      <CreatedByClientVersion>3.24103.17.0</CreatedByClientVersion>
      <MinClientVersion>3.24103.17.0</MinClientVersion>
      <Tags>{"primaryDeviceWidth":"1366","primaryDeviceHeight":"768","supportsPortrait":"true","supportsLandscape":"true","primaryFormFactor":"Tablet","showStatusBar":"false","publisherVersion":"3.24103.17","minimumRequiredApiVersion":"2.2.0","hasComponent":"true","hasUnlockedComponent":"false","isUnifiedRootApp":"false","sienaVersion":"20241104T152805Z-3.24103.17.0"}</Tags>
      <IsCdsUpgraded>0</IsCdsUpgraded>
      <GalleryItemId xsi:nil="true"></GalleryItemId>
      <BackgroundColor>rgba(255, 255, 255, 1)</BackgroundColor>
      <DisplayName>Power Process - Demo example - 1</DisplayName>
      <Description>https://www.formsandflows.nl/power-process</Description>
      <CommitMessage>Version 1.0</CommitMessage>
      <Publisher xsi:nil="true"></Publisher>
      <AuthorizationReferences>[]</AuthorizationReferences>
      <ConnectionReferences>{"dfd63448-83df-47e7-8b41-51696bb7b643":{"id":"/providers/microsoft.powerapps/apis/shared_sharepointonline","displayName":"SharePoint","iconUri":"https://connectoricons-prod.azureedge.net/u/jayawan/releases/v1.0.1697/1.0.1697.3786/sharepointonline/icon.png","dataSources":["PPDemoExample1_SPListSettings","PPDemoExample1_SPListEmployees","PPDemoExample1_SPListIdeas"],"dependencies":[],"dependents":["d3bf5d9f-ccc4-469a-970c-3ad5442b2c49","59a510f9-caa7-4c06-9473-5e2f57ab196e","4fcf451c-c80f-45db-930c-1fd1dad412ce"],"parameterHints":{},"parameterHintsV2":{},"isOnPremiseConnection":false,"bypassConsent":false,"dataSets":{"https://formsandflows.sharepoint.com/sites/PowerProcess-Demoexample-1-A/_faf_PPDemoExample1_SPSite":{"datasetOverride":{"name":"https://formsandflows.sharepoint.com/sites/PowerProcess-Demoexample-1-A/","environmentVariableName":"faf_PPDemoExample1_SPSite"},"dataSources":{"PPDemoExample1_SPListSettings":{"tableName":"a7f00477-b039-4edd-a47c-fc9c6d70035f","tableNameOverride":{"name":"a7f00477-b039-4edd-a47c-fc9c6d70035f","environmentVariableName":"faf_PPDemoExample1_SPListSettings"}},"PPDemoExample1_SPListEmployees":{"tableName":"579771f6-56fe-49ac-9b20-d258ca4c73dd","tableNameOverride":{"name":"579771f6-56fe-49ac-9b20-d258ca4c73dd","environmentVariableName":"faf_PPDemoExample1_SPListEmployees"}},"PPDemoExample1_SPListIdeas":{"tableName":"a35eb789-dda0-4d2d-96a5-3dc8fc629d96","tableNameOverride":{"name":"a35eb789-dda0-4d2d-96a5-3dc8fc629d96","environmentVariableName":"faf_PPDemoExample1_SPListIdeas"}}}}},"apiTier":"Standard","actions":["providers/PowerPlatform.Governance/Operations/Read"]},"d3bf5d9f-ccc4-469a-970c-3ad5442b2c49":{"id":"/providers/microsoft.powerapps/apis/shared_logicflows","displayName":"Logic flows","iconUri":"https://connectoricons-prod.azureedge.net/releases/v1.0.1719/1.0.1719.3955/logicflows/icon.png","dataSources":["PowerProcess-Demoexample-1-Createidea"],"dependencies":["dfd63448-83df-47e7-8b41-51696bb7b643","dfd63448-83df-47e7-8b41-51696bb7b643"],"dependents":[],"parameterHints":{"workflowName":{"value":"09b5efb2-685a-489e-8794-c539fa383625"},"workflowEntityId":{"value":"c7dacd89-1104-ef11-9f89-6045bd8cc30a"},"workflowDisplayName":{"value":"Power Process - Demo example - 1 - Create idea"},"dfd63448-83df-47e7-8b41-51696bb7b643":{"value":"shared_sharepointonline"}},"parameterHintsV2":{"workflowName":{"value":"09b5efb2-685a-489e-8794-c539fa383625"},"workflowEntityId":{"value":"c7dacd89-1104-ef11-9f89-6045bd8cc30a"},"workflowDisplayName":{"value":"Power Process - Demo example - 1 - Create idea"},"shared_sharepointonline_1":{"value":"dfd63448-83df-47e7-8b41-51696bb7b643"},"shared_sharepointonline":{"value":"dfd63448-83df-47e7-8b41-51696bb7b643"}},"isOnPremiseConnection":false,"bypassConsent":false,"dataSets":{},"apiTier":"Standard","actions":["Run"]},"59a510f9-caa7-4c06-9473-5e2f57ab196e":{"id":"/providers/microsoft.powerapps/apis/shared_logicflows","displayName":"Logic flows","iconUri":"https://connectoricons-prod.azureedge.net/releases/v1.0.1719/1.0.1719.3955/logicflows/icon.png","dataSources":["PowerProcess-Demoexample-1-Deleteidea"],"dependencies":["dfd63448-83df-47e7-8b41-51696bb7b643","dfd63448-83df-47e7-8b41-51696bb7b643"],"dependents":[],"parameterHints":{"workflowName":{"value":"b6077541-41e8-44b1-87e3-2c63f93cf2b5"},"workflowEntityId":{"value":"fd7f8f82-890b-ef11-9f89-6045bd8cc30a"},"workflowDisplayName":{"value":"Power Process - Demo example - 1 - Delete idea"},"dfd63448-83df-47e7-8b41-51696bb7b643":{"value":"shared_sharepointonline"}},"parameterHintsV2":{"workflowName":{"value":"b6077541-41e8-44b1-87e3-2c63f93cf2b5"},"workflowEntityId":{"value":"fd7f8f82-890b-ef11-9f89-6045bd8cc30a"},"workflowDisplayName":{"value":"Power Process - Demo example - 1 - Delete idea"},"shared_sharepointonline_1":{"value":"dfd63448-83df-47e7-8b41-51696bb7b643"},"shared_sharepointonline":{"value":"dfd63448-83df-47e7-8b41-51696bb7b643"}},"isOnPremiseConnection":false,"bypassConsent":false,"dataSets":{},"apiTier":"Standard","actions":["Run"]},"4fcf451c-c80f-45db-930c-1fd1dad412ce":{"id":"/providers/microsoft.powerapps/apis/shared_logicflows","displayName":"Logic flows","iconUri":"https://connectoricons-prod.azureedge.net/releases/v1.0.1719/1.0.1719.3955/logicflows/icon.png","dataSources":["PowerProcess-Demoexample-1-Updateidea"],"dependencies":["dfd63448-83df-47e7-8b41-51696bb7b643","dfd63448-83df-47e7-8b41-51696bb7b643"],"dependents":[],"parameterHints":{"workflowName":{"value":"0820d64d-560a-45c2-96ac-72d8506974e1"},"workflowEntityId":{"value":"2574b0a8-1104-ef11-9f89-6045bd8cc30a"},"workflowDisplayName":{"value":"Power Process - Demo example - 1 - Update idea"},"dfd63448-83df-47e7-8b41-51696bb7b643":{"value":"shared_sharepointonline"}},"parameterHintsV2":{"workflowName":{"value":"0820d64d-560a-45c2-96ac-72d8506974e1"},"workflowEntityId":{"value":"2574b0a8-1104-ef11-9f89-6045bd8cc30a"},"workflowDisplayName":{"value":"Power Process - Demo example - 1 - Update idea"},"shared_sharepointonline_1":{"value":"dfd63448-83df-47e7-8b41-51696bb7b643"},"shared_sharepointonline":{"value":"dfd63448-83df-47e7-8b41-51696bb7b643"}},"isOnPremiseConnection":false,"bypassConsent":false,"dataSets":{},"apiTier":"Standard","actions":["Run"]}}</ConnectionReferences>
      <DatabaseReferences>{}</DatabaseReferences>
      <AppComponents>[]</AppComponents>
      <AppComponentDependencies>[{"appComponentName":"095440b1e5904c28ad67cd3d8a68f456","appName":"16a5df4d-0521-41bc-b6d6-00a2d95ba10a","appComponentLibraryName":"d87df162-23a3-4503-ac50-13eb386b5cd8","appComponentLibraryVersion":"2024-10-25T06:50:36Z","appComponentLibraryLogicalName":"faf_paco_877d7","environmentName":"default-80abc0a6-d93f-4379-a387-8ffbf039fa91"},{"appComponentName":"5783ab3906654229b07de8cc9b42de79","appName":"16a5df4d-0521-41bc-b6d6-00a2d95ba10a","appComponentLibraryName":"d87df162-23a3-4503-ac50-13eb386b5cd8","appComponentLibraryVersion":"2024-10-25T06:50:36Z","appComponentLibraryLogicalName":"faf_paco_877d7","environmentName":"default-80abc0a6-d93f-4379-a387-8ffbf039fa91"},{"appComponentName":"6cc17fa9fef742f99265f0a5da55a032","appName":"16a5df4d-0521-41bc-b6d6-00a2d95ba10a","appComponentLibraryName":"d87df162-23a3-4503-ac50-13eb386b5cd8","appComponentLibraryVersion":"2024-10-25T06:50:36Z","appComponentLibraryLogicalName":"faf_paco_877d7","environmentName":"default-80abc0a6-d93f-4379-a387-8ffbf039fa91"},{"appComponentName":"b9bc42caeee7419f996665959f65bfd0","appName":"16a5df4d-0521-41bc-b6d6-00a2d95ba10a","appComponentLibraryName":"d87df162-23a3-4503-ac50-13eb386b5cd8","appComponentLibraryVersion":"2024-10-25T06:50:36Z","appComponentLibraryLogicalName":"faf_paco_877d7","environmentName":"default-80abc0a6-d93f-4379-a387-8ffbf039fa91"},{"appComponentName":"cf356dabe9d94e90900ff197a50aa565","appName":"16a5df4d-0521-41bc-b6d6-00a2d95ba10a","appComponentLibraryName":"d87df162-23a3-4503-ac50-13eb386b5cd8","appComponentLibraryVersion":"2024-10-25T06:50:36Z","appComponentLibraryLogicalName":"faf_paco_877d7","environmentName":"default-80abc0a6-d93f-4379-a387-8ffbf039fa91"},{"appComponentName":"d06303d86725479aa0ec7401208cd0a3","appName":"16a5df4d-0521-41bc-b6d6-00a2d95ba10a","appComponentLibraryName":"d87df162-23a3-4503-ac50-13eb386b5cd8","appComponentLibraryVersion":"2024-10-25T06:50:36Z","appComponentLibraryLogicalName":"faf_paco_877d7","environmentName":"default-80abc0a6-d93f-4379-a387-8ffbf039fa91"}]</AppComponentDependencies>
      <CanConsumeAppPass>0</CanConsumeAppPass>
      <CanvasAppType>0</CanvasAppType>
      <BypassConsent>0</BypassConsent>
      <AdminControlBypassConsent>0</AdminControlBypassConsent>
      <EmbeddedApp xsi:nil="true"></EmbeddedApp>
      <IntroducedVersion>1.0</IntroducedVersion>
      <CdsDependencies>{"cdsdependencies":[{"dependencyid":"c7dacd89-1104-ef11-9f89-6045bd8cc30a","componenttype":29,"componenttypeplatformname":"Workflow"},{"dependencyid":"fd7f8f82-890b-ef11-9f89-6045bd8cc30a","componenttype":29,"componenttypeplatformname":"Workflow"},{"dependencyid":"2574b0a8-1104-ef11-9f89-6045bd8cc30a","componenttype":29,"componenttypeplatformname":"Workflow"},{"logicalname":"faf_PPDemoExample1_SPSite","componenttype":380,"componenttypeplatformname":"EnvironmentVariableDefinition"},{"logicalname":"faf_PPDemoExample1_SPListSettings","componenttype":380,"componenttypeplatformname":"EnvironmentVariableDefinition"},{"logicalname":"faf_PPDemoExample1_SPListEmployees","componenttype":380,"componenttypeplatformname":"EnvironmentVariableDefinition"},{"logicalname":"faf_PPDemoExample1_SPListIdeas","componenttype":380,"componenttypeplatformname":"EnvironmentVariableDefinition"},{"logicalname":"faf_paco_877d7","componenttype":300,"componenttypeplatformname":"CanvasApp"}]}</CdsDependencies>
      <IsCustomizable>1</IsCustomizable>
      <BackgroundImageUri>/CanvasApps/faf_powerprocessdemoexample1_94bf3_BackgroundImageUri</BackgroundImageUri>
      <DocumentUri>/CanvasApps/faf_powerprocessdemoexample1_94bf3_DocumentUri.msapp</DocumentUri>
      <AdditionalUris>
        <AdditionalUri>/CanvasApps/faf_powerprocessdemoexample1_94bf3_AdditionalUris0_identity.json</AdditionalUri>
      </AdditionalUris>
    </CanvasApp>
    <CanvasApp>
      <Name>faf_powerprocessdemoexample1adddata_a2a16</Name>
      <AppVersion>2024-10-28T14:13:50Z</AppVersion>
      <Status>Ready</Status>
      <CreatedByClientVersion>3.24102.15.0</CreatedByClientVersion>
      <MinClientVersion>3.24102.15.0</MinClientVersion>
      <Tags>{"primaryDeviceWidth":"1366","primaryDeviceHeight":"768","supportsPortrait":"true","supportsLandscape":"true","primaryFormFactor":"Tablet","showStatusBar":"false","publisherVersion":"3.24102.15","minimumRequiredApiVersion":"2.2.0","hasComponent":"true","hasUnlockedComponent":"false","isUnifiedRootApp":"false","sienaVersion":"20241025T143345Z-3.24102.14.0"}</Tags>
      <IsCdsUpgraded>0</IsCdsUpgraded>
      <GalleryItemId xsi:nil="true"></GalleryItemId>
      <BackgroundColor>rgba(255, 255, 255, 1)</BackgroundColor>
      <DisplayName>Power Process - Demo example - 1 - Add data</DisplayName>
      <Description xsi:nil="true"></Description>
      <CommitMessage>Version 1.0</CommitMessage>
      <Publisher xsi:nil="true"></Publisher>
      <AuthorizationReferences>[]</AuthorizationReferences>
      <ConnectionReferences>{"ac559193-a073-47fa-af43-b3f5651863d3":{"id":"/providers/microsoft.powerapps/apis/shared_sharepointonline","displayName":"SharePoint","iconUri":"https://connectoricons-prod.azureedge.net/u/jayawan/releases/v1.0.1697/1.0.1697.3786/sharepointonline/icon.png","dataSources":["PPDemoExample1_SPListEmployees","PPDemoExample1_SPListSettings"],"dependencies":[],"dependents":[],"parameterHints":{},"parameterHintsV2":{},"isOnPremiseConnection":false,"bypassConsent":false,"dataSets":{"https://formsandflows.sharepoint.com/sites/PowerProcess-Demoexample-1-A/_faf_PPDemoExample1_SPSite":{"datasetOverride":{"name":"https://formsandflows.sharepoint.com/sites/PowerProcess-Demoexample-1-A/","environmentVariableName":"faf_PPDemoExample1_SPSite"},"dataSources":{"PPDemoExample1_SPListEmployees":{"tableName":"579771f6-56fe-49ac-9b20-d258ca4c73dd","tableNameOverride":{"name":"579771f6-56fe-49ac-9b20-d258ca4c73dd","environmentVariableName":"faf_PPDemoExample1_SPListEmployees"}},"PPDemoExample1_SPListSettings":{"tableName":"a7f00477-b039-4edd-a47c-fc9c6d70035f","tableNameOverride":{"name":"a7f00477-b039-4edd-a47c-fc9c6d70035f","environmentVariableName":"faf_PPDemoExample1_SPListSettings"}}}}},"apiTier":"Standard","actions":["providers/PowerPlatform.Governance/Operations/Read","providers/PowerPlatform.Governance/Operations/Write"]}}</ConnectionReferences>
      <DatabaseReferences>{}</DatabaseReferences>
      <AppComponents>[]</AppComponents>
      <AppComponentDependencies>[{"appComponentName":"b9bc42caeee7419f996665959f65bfd0","appName":"c036caa5-6aae-4425-a764-812a9964fc8d","appComponentLibraryName":"d87df162-23a3-4503-ac50-13eb386b5cd8","appComponentLibraryVersion":"2024-10-25T06:50:36Z","appComponentLibraryLogicalName":"faf_paco_877d7","environmentName":"default-80abc0a6-d93f-4379-a387-8ffbf039fa91"}]</AppComponentDependencies>
      <CanConsumeAppPass>1</CanConsumeAppPass>
      <CanvasAppType>0</CanvasAppType>
      <BypassConsent>0</BypassConsent>
      <AdminControlBypassConsent>0</AdminControlBypassConsent>
      <EmbeddedApp xsi:nil="true"></EmbeddedApp>
      <IntroducedVersion>1.0</IntroducedVersion>
      <CdsDependencies>{"cdsdependencies":[{"logicalname":"faf_PPDemoExample1_SPSite","componenttype":380,"componenttypeplatformname":"EnvironmentVariableDefinition"},{"logicalname":"faf_PPDemoExample1_SPListEmployees","componenttype":380,"componenttypeplatformname":"EnvironmentVariableDefinition"},{"logicalname":"faf_PPDemoExample1_SPListSettings","componenttype":380,"componenttypeplatformname":"EnvironmentVariableDefinition"},{"logicalname":"faf_paco_877d7","componenttype":300,"componenttypeplatformname":"CanvasApp"}]}</CdsDependencies>
      <IsCustomizable>1</IsCustomizable>
      <BackgroundImageUri>/CanvasApps/faf_powerprocessdemoexample1adddata_a2a16_BackgroundImageUri</BackgroundImageUri>
      <DocumentUri>/CanvasApps/faf_powerprocessdemoexample1adddata_a2a16_DocumentUri.msapp</DocumentUri>
      <AdditionalUris>
        <AdditionalUri>/CanvasApps/faf_powerprocessdemoexample1adddata_a2a16_AdditionalUris0_identity.json</AdditionalUri>
      </AdditionalUris>
    </CanvasApp>
  </CanvasApps>
  <connectionreferences>
    <connectionreference connectionreferencelogicalname="faf_PPDemoExample1_CR_SharePoint">
      <connectionreferencedisplayname>PPDemoExample1_CR_SharePoint</connectionreferencedisplayname>
      <connectorid>/providers/Microsoft.PowerApps/apis/shared_sharepointonline</connectorid>
      <iscustomizable>1</iscustomizable>
      <statecode>0</statecode>
      <statuscode>1</statuscode>
    </connectionreference>
  </connectionreferences>
  <Languages>
    <Language>1033</Language>
  </Languages>
</ImportExportXml>