<ImportExportXml version="9.2.24101.190" SolutionPackageVersion="9.2" languagecode="1033" generatedBy="CrmLive" xmlns:xsi="http://www.w3.org/2001/XMLSchema-instance" OrganizationVersion="9.2.24101.190" OrganizationSchemaType="Standard" CRMServerServiceabilityVersion="9.2.24101.00190">
  <SolutionManifest>
    <UniqueName>PowerProcessLightEditionDemoExample1</UniqueName>
    <LocalizedNames>
      <LocalizedName description="Power Process - Demo example - 1" languagecode="1033" />
    </LocalizedNames>
    <Descriptions />
    <Version>2024.0.0.20</Version>
    <Managed>0</Managed>
    <Publisher>
      <UniqueName>formsandflows</UniqueName>
      <LocalizedNames>
        <LocalizedName description="Forms and Flows" languagecode="1033" />
      </LocalizedNames>
      <Descriptions />
      <EMailAddress xsi:nil="true"></EMailAddress>
      <SupportingWebsiteUrl>https://www.formsandflows.nl</SupportingWebsiteUrl>
      <CustomizationPrefix>faf</CustomizationPrefix>
      <CustomizationOptionValuePrefix>81143</CustomizationOptionValuePrefix>
      <Addresses>
        <Address>
          <AddressNumber>1</AddressNumber>
          <AddressTypeCode>1</AddressTypeCode>
          <City xsi:nil="true"></City>
          <County xsi:nil="true"></County>
          <Country>The Netherlands</Country>
          <Fax xsi:nil="true"></Fax>
          <FreightTermsCode xsi:nil="true"></FreightTermsCode>
          <ImportSequenceNumber xsi:nil="true"></ImportSequenceNumber>
          <Latitude xsi:nil="true"></Latitude>
          <Line1 xsi:nil="true"></Line1>
          <Line2 xsi:nil="true"></Line2>
          <Line3 xsi:nil="true"></Line3>
          <Longitude xsi:nil="true"></Longitude>
          <Name xsi:nil="true"></Name>
          <PostalCode xsi:nil="true"></PostalCode>
          <PostOfficeBox xsi:nil="true"></PostOfficeBox>
          <PrimaryContactName xsi:nil="true"></PrimaryContactName>
          <ShippingMethodCode>1</ShippingMethodCode>
          <StateOrProvince xsi:nil="true"></StateOrProvince>
          <Telephone1 xsi:nil="true"></Telephone1>
          <Telephone2 xsi:nil="true"></Telephone2>
          <Telephone3 xsi:nil="true"></Telephone3>
          <TimeZoneRuleVersionNumber xsi:nil="true"></TimeZoneRuleVersionNumber>
          <UPSZone xsi:nil="true"></UPSZone>
          <UTCOffset xsi:nil="true"></UTCOffset>
          <UTCConversionTimeZoneCode xsi:nil="true"></UTCConversionTimeZoneCode>
        </Address>
        <Address>
          <AddressNumber>2</AddressNumber>
          <AddressTypeCode>1</AddressTypeCode>
          <City xsi:nil="true"></City>
          <County xsi:nil="true"></County>
          <Country xsi:nil="true"></Country>
          <Fax xsi:nil="true"></Fax>
          <FreightTermsCode xsi:nil="true"></FreightTermsCode>
          <ImportSequenceNumber xsi:nil="true"></ImportSequenceNumber>
          <Latitude xsi:nil="true"></Latitude>
          <Line1 xsi:nil="true"></Line1>
          <Line2 xsi:nil="true"></Line2>
          <Line3 xsi:nil="true"></Line3>
          <Longitude xsi:nil="true"></Longitude>
          <Name xsi:nil="true"></Name>
          <PostalCode xsi:nil="true"></PostalCode>
          <PostOfficeBox xsi:nil="true"></PostOfficeBox>
          <PrimaryContactName xsi:nil="true"></PrimaryContactName>
          <ShippingMethodCode>1</ShippingMethodCode>
          <StateOrProvince xsi:nil="true"></StateOrProvince>
          <Telephone1 xsi:nil="true"></Telephone1>
          <Telephone2 xsi:nil="true"></Telephone2>
          <Telephone3 xsi:nil="true"></Telephone3>
          <TimeZoneRuleVersionNumber xsi:nil="true"></TimeZoneRuleVersionNumber>
          <UPSZone xsi:nil="true"></UPSZone>
          <UTCOffset xsi:nil="true"></UTCOffset>
          <UTCConversionTimeZoneCode xsi:nil="true"></UTCConversionTimeZoneCode>
        </Address>
      </Addresses>
    </Publisher>
    <RootComponents>
      <RootComponent type="29" id="{2574b0a8-1104-ef11-9f89-6045bd8cc30a}" behavior="0" />
      <RootComponent type="29" id="{31ba7631-b50b-ef11-9f89-6045bd8cc30a}" behavior="0" />
      <RootComponent type="29" id="{42462277-b30b-ef11-9f89-6045bd8cc30a}" behavior="0" />
      <RootComponent type="29" id="{8c52c66f-b60b-ef11-9f89-6045bd8cc30a}" behavior="0" />
      <RootComponent type="29" id="{b137c67d-b60b-ef11-9f89-6045bd8cc30a}" behavior="0" />
      <RootComponent type="29" id="{c7dacd89-1104-ef11-9f89-6045bd8cc30a}" behavior="0" />
      <RootComponent type="29" id="{e000f7cb-b60b-ef11-9f89-6045bd8cc30a}" behavior="0" />
      <RootComponent type="29" id="{f6754e23-b50b-ef11-9f89-6045bd8cc30a}" behavior="0" />
      <RootComponent type="29" id="{fd7f8f82-890b-ef11-9f89-6045bd8cc30a}" behavior="0" />
      <RootComponent type="300" schemaName="faf_powerprocessdemoexample1adddata_a2a16" behavior="0" />
      <RootComponent type="300" schemaName="faf_powerprocessdemoexample1_94bf3" behavior="0" />
    </RootComponents>
    <MissingDependencies>
      <MissingDependency>
        <Required type="300" schemaName="faf_paco_877d7" displayName="PACo" solution="Active" />
        <Dependent type="300" schemaName="faf_powerprocessdemoexample1_94bf3" displayName="Power Process - Demo example - 1" />
      </MissingDependency>
      <MissingDependency>
        <Required type="300" schemaName="faf_paco_877d7" displayName="PACo" solution="Active" />
        <Dependent type="300" schemaName="faf_powerprocessdemoexample1adddata_a2a16" displayName="Power Process - Demo example - 1 - Add data" />
      </MissingDependency>
    </MissingDependencies>
  </SolutionManifest>
</ImportExportXml>